,company,chi,p,sub_ids
396,TATA MOTORS LTD_FI,1.7491427597361981,0.9877603824957875,0001193125-21-202050
154,CUREVAC N.V.,1.9225853178621102,0.9832938681646032,0001104659-21-055619
251,CHINESEWORLDNET COM INC,2.0091036414565826,0.9807314849334211,0001104659-21-058693
8,TEEKAY CORP,2.154586123067113,0.9759021007989654,0001628280-21-006373
167,EUROSEAS LTD.,2.157333871801957,0.9758044969072519,0000919574-21-003130
118,SINOVAC BIOTECH LTD,2.308551455219075,0.9700615883686978,0001564590-21-020156
197,LEXINFINTECH HOLDINGS LTD.,2.4309539865034826,0.9648729043311339,0001564590-21-021320
338,ICTS INTERNATIONAL N V,2.5574103341612044,0.9590000054747124,0001178913-21-001756
265,WOORI FINANCIAL GROUP INC.,2.73926218013599,0.9496401178546712,0001193125-21-142293
61,LEJU HOLDINGS LTD,3.0210286805723987,0.933030953746887,0001104659-21-050441
124,"COPA HOLDINGS, S.A.",3.2908749609881953,0.9148003600118403,0001193125-21-128866
272,PINTEC TECHNOLOGY HOLDINGS LTD,3.323038208810634,0.9124814942186847,0001193125-21-145037
343,MEDIGUS LTD.,3.367771895376251,0.9092061262364546,0001213900-21-026459
180,GAS TRANSPORTER OF THE SOUTH INC,3.4118799678683223,0.9059200039684281,0001140361-21-014628
43,17 EDUCATION & TECHNOLOGY GROUP INC.,3.4881921812298686,0.9001041198722914,0001564590-21-018346
321,TOMBSTONE EXPLORATION CORP,3.536344030365769,0.8963507579240729,0001078782-21-000418
85,RISE EDUCATION CAYMAN LTD,3.6160047009728764,0.8900024404515102,0001193125-21-121322
323,TAL EDUCATION GROUP,3.7235408079858394,0.8811656604198641,0001104659-21-063077
185,"VISTA OIL & GAS, S.A.B. DE C.V.",3.8129636268516967,0.8735918651872518,0001193125-21-135312
48,AURORA MOBILE LTD,3.869413025738065,0.8687090051947787,0001193125-21-112508
383,INFOSYS LTD,3.876839471011329,0.8680608844694624,0001564590-21-032573
27,STONECO LTD.,3.9051018180106056,0.8655823468703877,0001628280-21-006647
121,HUAZHU GROUP LTD,3.9808007444032127,0.8588515144974023,0001104659-21-054100
142,ITURAN LOCATION & CONTROL LTD.,4.179927606142283,0.8405357100732793,0001178913-21-001432
162,CAPITAL PRODUCT PARTNERS L.P.,4.188685906908798,0.8397107967289039,0001193125-21-133880
47,SOUTHEAST AIRPORT GROUP,4.27404302422073,0.8315906409835238,0001104659-21-049375
46,BAOZUN INC.,4.4522234914592795,0.814193750568613,0001104659-21-049360
362,FORMULA SYSTEMS (1985) LTD,4.553264742283972,0.8040807835102208,0001213900-21-027074
326,JOWELL GLOBAL LTD.,4.726880970336853,0.7863286654248479,0001213900-21-025290
150,"VIOMI TECHNOLOGY CO., LTD",4.755980115845499,0.783310473542517,0001564590-21-020524
224,MACRO BANK INC.,4.767487937675035,0.7821136789602899,0001193125-21-140667
13,INTERNATIONAL GENERAL INSURANCE HOLDINGS LTD.,4.785207005789268,0.780267447888048,0001213900-21-019770
244,LINX S.A.,4.815769198380902,0.777073301728691,0000950103-21-006528
250,AESTHETIC MEDICAL INTERNATIONAL HOLDINGS GROUP LTD,4.839335511499885,0.7746020865203755,0001104659-21-058304
213,NORDIC AMERICAN TANKERS LTD,4.897645125273209,0.7684578819480267,0001140361-21-014948
276,ITAU UNIBANCO HOLDING S.A.,4.913957610430584,0.7667316585283823,0001193125-21-145469
246,"CONTROLADORA VUELA COMPANIA DE AVIACION, S.A.B. DE C.V.",4.961161217087377,0.7617191046383216,0001104659-21-058061
34,NIU TECHNOLOGIES,5.03674258863334,0.7536419123220939,0001104659-21-048371
169,UP FINTECH HOLDING LTD,5.0689789323018,0.7501787749517708,0001104659-21-055895
25,EDAP TMS SA,5.11917796111624,0.7447656135450342,0001104659-21-047574
325,CLOOPEN GROUP HOLDING LTD,5.156834791845584,0.7406894668458213,0001104659-21-063826
178,"21VIANET GROUP, INC.",5.182999127803527,0.7378498831633264,0001104659-21-056551
204,ANTELOPE ENTERPRISE HOLDINGS LTD,5.205286722426682,0.7354264061570934,0001104659-21-056773
42,POET TECHNOLOGIES INC.,5.336062873296916,0.7211272124078598,0001493152-21-008410
136,UCLOUDLINK GROUP INC.,5.368718959994199,0.7175373524068107,0001564590-21-020207
5,YANDEX N.V.,5.517277693675061,0.7011250279379746,0001513845-21-000014
365,LINGO MEDIA CORP,5.691657326806321,0.6817259509425837,0001437749-21-012373
71,SEA LTD,5.7127889169821575,0.6793678042995964,0001140361-21-013089
33,ECOPETROL S.A.,5.781431347230033,0.6716996090010927,0001104659-21-048256
165,PAGSEGURO DIGITAL LTD.,5.913053198846464,0.6569707180049528,0001628280-21-007622
252,"ANPAC BIO-MEDICAL SCIENCE CO., LTD.",5.93612979463917,0.654386279384563,0001104659-21-058992
357,QUHUO LTD,5.999097131492521,0.6473330289273318,0001193125-21-163635
207,TUNIU CORP,5.9997357112632255,0.6472614946453678,0001104659-21-056868
107,WEIBO CORP,6.04680596428398,0.641988801275106,0001104659-21-053395
231,DUNXIN FINANCIAL HOLDINGS LTD,6.403630890005981,0.6021156003235253,0001477932-21-002737
170,"NETEASE, INC.",6.4244453138496755,0.5997998244418292,0001104659-21-055902
329,MAGIC SOFTWARE ENTERPRISES LTD,6.466186047695832,0.5951606930770834,0001213900-21-025998
287,ENERGY CO OF MINAS GERAIS,6.466859710747416,0.5950858767561122,0001292814-21-001942
190,FINVOLUTION GROUP,6.546293003112397,0.5862774996189912,0001193125-21-135550
89,RADWARE LTD,6.589580785436292,0.5814893319701793,0001178913-21-001391
306,ECMOHO LTD,6.763869407790819,0.5623105829992554,0001564590-21-022518
110,SIBANYE STILLWATER LTD,6.838389745083728,0.5541655277492237,0001104659-21-053622
208,"FOREIGN TRADE BANK OF LATIN AMERICA, INC.",6.8832782162290975,0.5492769676114977,0001104659-21-057456
298,COSAN S.A.,7.138062726521957,0.5218127586104634,0001554855-21-000173
58,MEXICAN ECONOMIC DEVELOPMENT INC,7.142960729898269,0.5212898889844066,0001558370-21-004287
160,GUANGSHEN RAILWAY CO LTD,7.160778791800261,0.5193895156150825,0001193125-21-132907
315,NXT ENERGY SOLUTIONS INC.,7.190327467019197,0.5162440817678942,0001654954-21-004988
184,SHINHAN FINANCIAL GROUP CO LTD,7.245531775645672,0.5103883201879182,0001193125-21-135311
310,CANAGOLD RESOURCES LTD.,7.346921261824418,0.49970633081045834,0001654954-21-004828
349,CHINACACHE INTERNATIONAL HOLDINGS LTD.,7.379251721758799,0.49632065356431887,0001104659-21-067320
340,CHEETAH MOBILE INC.,7.510000399934716,0.4827343630636327,0001193125-21-162007
402,ORIX CORP,7.5400210060528305,0.479639555992621,0001193125-21-202586
333,TUANCHE LTD,7.637056934703816,0.46970156658846385,0001104659-21-066394
76,XPENG INC.,7.649251595617341,0.46845983879079345,0001193125-21-118515
354,MER TELEMANAGEMENT SOLUTIONS LTD,7.659822435628887,0.4673847771258641,0001178913-21-001767
304,GREENTREE HOSPITALITY GROUP LTD.,7.692727659573039,0.46404619173264194,0001564590-21-022495
264,PUXIN LTD,7.815567125912589,0.45169050181564396,0001193125-21-142199
317,VERSUS SYSTEMS INC.,7.8416490781270145,0.4490893755400893,0001213900-21-024608
242,"SPI ENERGY CO., LTD.",7.848876726389003,0.4483699745109643,0001683168-21-001594
144,YUNJI INC.,7.87545609029038,0.4457296831134806,0001193125-21-130439
274,"DOUBLEDOWN INTERACTIVE CO., LTD.",7.913572775083741,0.44195789539430763,0001193125-21-145175
309,AZUL SA,7.975692710861475,0.43584813907915043,0001628280-21-008429
113,KINGSOFT CLOUD HOLDINGS LTD,8.213969025075848,0.4128531638517293,0001193125-21-125812
173,"JINKOSOLAR HOLDING CO., LTD.",8.257465362667961,0.4087329326825374,0001104659-21-056532
229,HITEK GLOBAL INC.,8.288358292034763,0.405821393518654,0001213900-21-023609
335,"RYB EDUCATION, INC.",8.307635143279423,0.40401089829932196,0001104659-21-066849
22,"MAXEON SOLAR TECHNOLOGIES, LTD.",8.314722351376176,0.4033464789615361,0001796898-21-000016
57,BIT MINING LTD,8.358723807674279,0.399236073109067,0001104659-21-050188
24,CHINA ONLINE EDUCATION GROUP,8.366087254201767,0.39855069494007317,0001104659-21-047321
247,SO-YOUNG INTERNATIONAL INC.,8.560640332774996,0.3807028566898377,0001104659-21-058062
60,AFFIMED N.V.,8.56803406035657,0.3800345877515049,0001047469-21-000956
94,"360 DIGITECH, INC.",8.600568994938989,0.3771027775016059,0001104659-21-052802
38,EMBRAER S.A.,8.625223114598425,0.37489070642311095,0001193125-21-110513
149,EDENOR,8.634554262176378,0.37405563646141826,0001292814-21-001740
9,ENI SPA,8.63894436233504,0.3736631652119196,0001104659-21-046015
108,DAQO NEW ENERGY CORP.,8.702395296277055,0.3680201460751383,0001104659-21-053396
336,X FINANCIAL,8.730425943201189,0.36554483264493054,0001104659-21-066950
68,MDJM LTD,8.796140053187267,0.35978428102231186,0001104659-21-051267
356,MEXICAN PETROLEUM,8.859967843991639,0.35424638227505106,0001193125-21-162651
112,YPF SOCIEDAD ANONIMA,8.868030611355481,0.3535508632172648,0001193125-21-125294
164,HUYA INC.,9.01482034029948,0.3410472720873444,0001193125-21-134324
4,SEQUANS COMMUNICATIONS,9.017630993563472,0.34081080983070516,0001383395-21-000012
63,QIWI,9.020356698686285,0.3405816005078622,0001193125-21-117766
302,PERUSAHAAN PERSEROAN PERSERO PT TELEKOMUNIKASI INDONESIA TBK,9.119592177400886,0.3323080369836484,0001558370-21-005438
23,LONCOR RESOURCES INC.,9.248388702800467,0.3217775770398031,0001062993-21-003488
70,JUPAI HOLDINGS LTD,9.251894363785645,0.32149424146783767,0001104659-21-051371
198,PHOENIX NEW MEDIA LTD,9.292726992938192,0.3182069119378238,0001564590-21-021431
52,"TARENA INTERNATIONAL, INC.",9.462524034867663,0.3047912792956795,0001104659-21-049558
151,DIGATRADE FINANCIAL CORP,9.490291109856328,0.302636442721544,0001654954-21-004598
182,NAVIOS MARITIME ACQUISITION CORP,9.566684992744582,0.29676459785957293,0001193125-21-134842
222,LAIX INC.,9.601177889217377,0.29414058894323925,0001193125-21-140353
290,PAMPA ENERGY INC.,9.68826420754568,0.2875908555981483,0001292814-21-001956
175,CREDICORP LTD,9.691922969922404,0.28731803962148167,0001104659-21-056535
201,GENTOR RESOURCES INC.,9.698632345914953,0.2868182481274282,0001062993-21-003931
66,EURONAV NV,9.718319996653188,0.2853553735638672,0001604481-21-000005
114,"FIRST HIGH-SCHOOL EDUCATION GROUP CO., LTD.",9.756247791745503,0.28255267970035713,0001193125-21-126700
18,NIO INC.,9.776426581703998,0.2810698683632982,0001104659-21-046834
152,CENTRAL PUERTO S.A.,9.870018702371645,0.27426773100470236,0001654954-21-004609
256,SCULLY ROYALTY LTD.,9.872702257719785,0.2740745200852318,0001104659-21-059097
21,STEALTH BIOTHERAPEUTICS CORP,10.012647590215503,0.2641393420251133,0001564590-21-017843
291,TIM S.A.,10.030063111324694,0.26292221748323136,0001292814-21-001957
65,CENTOGENE N.V.,10.050734373947737,0.2614830748086161,0001558370-21-004303
78,"JD.COM, INC.",10.158249906026928,0.2540941144010603,0001193125-21-119536
305,JIAYIN GROUP INC.,10.203056426589693,0.25106234163393537,0001564590-21-022515
313,"NISUN INTERNATIONAL ENTERPRISE DEVELOPMENT GROUP CO., LTD",10.305175098758827,0.24425655446802905,0001213900-21-024085
37,CORPORACION AMERICA AIRPORTS S.A.,10.31506647266947,0.24360498250172516,0001104659-21-048754
83,BRAINSWAY LTD.,10.330535189688334,0.2425887149611757,0001171843-21-002565
314,SCIENJOY HOLDING CORP,10.339522316763697,0.241999787559791,0001213900-21-024136
102,YATSEN HOLDING LTD,10.351178199749766,0.24123762902545257,0001564590-21-019694
59,NAM TAI PROPERTY INC.,10.402910052910052,0.2378774524715247,0001564590-21-018765
217,"LG DISPLAY CO., LTD.",10.582834335319065,0.2264745782181678,0001193125-21-138471
273,"DESPEGAR.COM, CORP.",10.58409718481091,0.22639609194652513,0001193125-21-145077
406,WUNONG NET TECHNOLOGY CO LTD,10.613398071462587,0.22458105824286373,0001493152-21-015744
81,ZEPP HEALTH CORP,10.615363213537304,0.2244597408062888,0001104659-21-051700
353,O2MICRO INTERNATIONAL LTD,10.643850174414869,0.22270692204485976,0001171843-21-003587
361,UCOMMUNE INTERNATIONAL LTD,10.651352805011783,0.22224708873162388,0001213900-21-027007
100,INNOVIZ TECHNOLOGIES LTD.,10.660311096865307,0.22169902434128552,0001193125-21-123586
192,SINOPEC SHANGHAI PETROCHEMICAL CO LTD,10.716074402065782,0.2183115207176761,0001193125-21-136935
45,GDS HOLDINGS LTD,10.808136004999216,0.2128092610592844,0001104659-21-049104
158,KB FINANCIAL GROUP INC.,10.814388545583881,0.21243962124907326,0001193125-21-132803
157,MOMO INC.,10.8898528867903,0.20801873995835277,0001193125-21-132517
344,"RETO ECO-SOLUTIONS, INC.",10.895742320227447,0.207676855265078,0001213900-21-026496
295,NORTH AMERICAN NICKEL INC.,10.904361062913695,0.20717734750751146,0001493152-21-010153
300,ENEL AMERICAS S.A.,10.949709488052328,0.2045650453665574,0001558370-21-005380
257,GRUPO SUPERVIELLE S.A.,10.967172037452139,0.2035662243417764,0001104659-21-059154
90,CHIPMOS TECHNOLOGIES INC,11.168512316440207,0.19233266470892846,0001193125-21-121875
320,PATAGONIA GOLD CORP.,11.174326711682887,0.1920159155333928,0001721716-21-000014
133,BANCOLOMBIA SA,11.201943326781937,0.19051726604116784,0001558370-21-004672
55,BLUE HAT INTERACTIVE ENTERTAINMENT TECHNOLOGY,11.242584901510082,0.18832921238768074,0001731122-21-000582
214,AMERICA MOVIL SAB DE CV_,11.248127431124692,0.1880324161532642,0001193125-21-137773
308,BORR DRILLING LTD,11.30555682764234,0.1849796592269558,0001628280-21-008274
339,WNS (HOLDINGS) LTD,11.306520217440054,0.1849287979661567,0001193125-21-161742
331,EURO TECH HOLDINGS CO LTD,11.420070397909956,0.17901415104713878,0001654954-21-005621
235,GIGAMEDIA LTD,11.433173714951208,0.17834178735091577,0001564590-21-021558
129,"MMTEC, INC.",11.481713920583907,0.17586925081150376,0001213900-21-022734
104,ICLICK INTERACTIVE ASIA GROUP LTD,11.596303069421754,0.17014495306422922,0001564590-21-019850
249,PINDUODUO INC.,11.687032118192178,0.16572344767537273,0001104659-21-058237
236,"GRAVITY CO., LTD.",11.727160333427053,0.16379874511669715,0001564590-21-021574
399,HUALE ACOUSTICS LTD,11.755982347172278,0.16242791858331984,0001493152-21-015367
374,NAKED BRAND GROUP LTD,11.763427916688787,0.16207536226608105,0001493152-21-012133
30,WEIDAI LTD.,11.802318091540203,0.16024429226845488,0001104659-21-048044
387,TOWER ONE WIRELESS CORP.,11.81703832739688,0.1595557686522743,0001062993-21-005817
62,BANCO BBVA ARGENTINA S.A.,11.81983829030378,0.15942508536300068,0001193125-21-117722
400,GLOBAL BLUE GROUP HOLDING AG,11.838537611440994,0.15855463476886963,0001628280-21-013006
307,SEADRILL PARTNERS LLC,11.945847524438152,0.15363643718807132,0001628280-21-008251
318,SOS LTD,11.96993120262489,0.1525505294610888,0001213900-21-024630
391,HONDA MOTOR CO LTD,12.127103413886802,0.14562230448939328,0001193125-21-196757
2,ARCO PLATFORM LTD.,12.237864777712975,0.14090230863244893,0001104659-21-045018
86,APTORUM GROUP LTD,12.33389379622208,0.1369165334144682,0001213900-21-021984
44,SPHERE 3D CORP,12.416772487128224,0.13355468048357277,0001591956-21-000010
254,BUENAVENTURA MINING CO INC,12.437492696584897,0.13272536739846338,0001104659-21-059081
285,MIDATECH PHARMA PLC,12.512330195639498,0.12976685960812678,0001214659-21-004730
166,INNATE PHARMA SA,12.559806212231202,0.12791964885029372,0001628280-21-007629
330,BIONDVAX PHARMACEUTICALS LTD.,12.588998770247292,0.12679512946878438,0001213900-21-026146
19,KE HOLDINGS INC.,12.589120286082862,0.1267904665058507,0001104659-21-046841
238,ASIA PACIFIC WIRE & CABLE CORP LTD,12.601726789410575,0.12630751846338348,0001564590-21-021602
327,SILICON MOTION TECHNOLOGY CORP,12.72676994063301,0.12160278919351526,0001193125-21-159231
332,CANADA GOOSE HOLDINGS INC.,12.727338512863772,0.1215817488229264,0001690511-21-000018
268,DOUYU INTERNATIONAL HOLDINGS LTD,12.752102263465467,0.12066841337075802,0001193125-21-142788
1,KELSO TECHNOLOGIES INC,12.818617444605671,0.11824466815685884,0001062993-21-003217
303,NATUZZI S P A,12.839002175101447,0.11751040357211584,0001564590-21-022246
245,"111, INC.",12.92732480541357,0.11437471855452262,0001104659-21-058014
261,SUPERCOM LTD,12.971835302226058,0.11282235076520003,0001178913-21-001531
72,NEOGAMES S.A.,12.973738694562494,0.11275637992047942,0001178913-21-001351
20,NANO-X IMAGING LTD.,13.094873634307286,0.10862673252287594,0001213900-21-020392
67,PURETECH HEALTH PLC,13.238205978019693,0.10391228021105704,0001628280-21-006938
282,"GLOBAL INTERNET OF PEOPLE, INC.",13.297618545756844,0.10201151697030127,0001213900-21-023882
355,AENZA S.A.A.,13.452708428906712,0.09719364262533661,0001193125-21-162643
378,PACIFIC BOOKER MINERALS INC.,13.4880661005661,0.09612385737308556,0001217160-21-000038
405,SIYATA MOBILE INC.,13.541543551422789,0.09452566383993799,0001213900-21-035102
200,VITRU LTD,13.579015924917876,0.09341988024197796,0000950103-21-006284
128,CEMEX SAB DE CV,13.591759500665479,0.0930464522188183,0001193125-21-129260
122,RLX TECHNOLOGY INC.,13.598338594558108,0.09285418296327126,0001104659-21-054146
385,BIRKS GROUP INC.,13.657386986415117,0.0911442809810463,0001193125-21-193376
230,SENDAS DISTRIBUTOR S.A.,13.666250231924035,0.09089005439686866,0001292814-21-001900
131,TOP SHIPS INC.,13.702281092293646,0.08986305820614278,0001437749-21-009726
6,TEEKAY LNG PARTNERS L.P.,13.73204582392819,0.08902247541612947,0001628280-21-006328
403,TAKEDA PHARMACEUTICAL CO LTD,13.763974001424899,0.08812859143052085,0001395064-21-000140
366,MEDIROM HEALTHCARE TECHNOLOGIES INC.,13.805593628399198,0.08697540091800567,0001558370-21-007318
279,ENLIVEX THERAPEUTICS LTD.,13.851840959743928,0.08570980278187844,0001213900-21-023865
0,STAR BULK CARRIERS CORP.,13.878631139022337,0.08498421614012287,0000919574-21-002709
174,RENESOLA LTD,14.021198710537213,0.08121455033032635,0001104659-21-056534
237,UNITED MICROELECTRONICS CORP,14.085683932613872,0.07955925287799942,0001564590-21-021578
40,TENCENT MUSIC ENTERTAINMENT GROUP,14.221206500627071,0.07617885429518338,0001193125-21-111096
215,CHINA LIFE INSURANCE CO LTD,14.296151814216547,0.07436548889694308,0001193125-21-138189
123,CHINA YUCHAI INTERNATIONAL LTD,14.310461636867034,0.07402370701250549,0001193125-21-128033
79,SUNLANDS TECHNOLOGY GROUP,14.401500266910643,0.07188228646513029,0001564590-21-019185
172,ANDINA BOTTLING CO INC,14.506395960716095,0.06948441932566703,0001104659-21-056483
255,BAOSHENG MEDIA GROUP HOLDINGS LTD,14.57222802902316,0.06801673721703862,0001104659-21-059086
15,LEGEND BIOTECH CORP,14.649127115229351,0.06633793133914895,0001564590-21-017439
288,BRAZILIAN DISTRIBUTION CO COMPANHIA BRASILEIRA DE DISTR CBD,14.652942757907681,0.0662556181208146,0001292814-21-001951
239,ADECOAGRO S.A.,14.707017320484814,0.06509901355469222,0001628280-21-007998
147,"BORQS TECHNOLOGIES, INC.",14.729731784795623,0.06461866434312584,0001213900-21-022875
267,LIXIANG EDUCATION HOLDING CO. LTD.,14.73459175496482,0.06451630828369474,0001193125-21-142767
206,BLUECITY HOLDINGS LTD,14.874799202848878,0.06162612026955132,0001104659-21-056838
51,GRUPO AVAL ACCIONES Y VALORES S.A.,14.876991244613315,0.0615818851377296,0001558370-21-004137
370,9F INC.,14.975754197818976,0.05961862236628023,0001104659-21-068349
205,36KR HOLDINGS INC.,14.987105099215897,0.059396678595520516,0001104659-21-056812
69,BEST INC.,14.987602774767137,0.059386964834656594,0001104659-21-051368
375,GROUP SIMEC SA DE CV,15.022102409998373,0.058717114496477395,0000891092-21-004699
220,PETROCHINA CO LTD,15.093497228877816,0.057352759270359925,0001193125-21-140226
299,CENTRAL NORTH AIRPORT GROUP,15.124642040871874,0.056766707167422555,0001558370-21-005352
103,UTSTARCOM HOLDINGS CORP.,15.131875675787166,0.05663137763028511,0001564590-21-019726
312,"NEWATER TECHNOLOGY, INC.",15.133332537028188,0.05660415784216965,0001213900-21-024061
179,MERCURITY FINTECH HOLDING INC.,15.146402770887896,0.05636049005837907,0001104659-21-056558
216,POSCO,15.151899326728785,0.05625830486087276,0001193125-21-138326
168,QUATERRA RESOURCES INC,15.318699128400622,0.05323686600566783,0001062993-21-003890
140,COOTEK(CAYMAN)INC.,15.346424731182795,0.05274930211098731,0001104659-21-054897
39,GENETRON HOLDINGS LTD,15.353511816224414,0.05262533237650347,0001193125-21-110975
97,GERDAU S.A.,15.516195836845935,0.04985211438881206,0001104659-21-053189
32,COCA COLA FEMSA SAB DE CV,15.527821273611636,0.04965917510217842,0001628280-21-006710
14,4D PHARMA PLC,15.583600294504548,0.048742966913032267,0001493152-21-007823
263,TRINITY BIOTECH PLC,15.631897259159253,0.04796225052317961,0001178913-21-001539
324,BRAZILIAN ELECTRIC POWER CO,15.656510324495558,0.04756882721804312,0001104659-21-063291
195,FANHUA INC.,15.708653789341744,0.04674515195616399,0001213900-21-023229
322,AIRNET TECHNOLOGY INC.,15.743889076262596,0.046196029373087054,0001104659-21-062391
289,AFYA LTD,15.74540596374356,0.046172523618584704,0001292814-21-001953
196,COMPANHIA DE SANEAMENTO BASICO DO ESTADO DE SAO PAULO-SABESP,15.968822462425882,0.0428285384433557,0001292814-21-001795
316,INTEGRATED MEDIA TECHNOLOGY LTD,16.06942419926638,0.041397148979830274,0001668438-21-000022
109,ALUMINUM CORP OF CHINA LTD,16.139376464559824,0.04042809980777456,0001104659-21-053404
275,GENIUS SPORTS LTD,16.148962531721153,0.040296953930936685,0001193125-21-145204
186,CHINA EASTERN AIRLINES CORP LTD,16.16293246402225,0.04010653888925334,0001193125-21-135351
388,SONY GROUP CORP,16.178181711750373,0.03989963881617212,0001193125-21-195631
384,EHANG HOLDINGS LTD,16.192889464204665,0.03970102372219075,0001193125-21-190578
348,REPLICEL LIFE SCIENCES INC.,16.234014351195437,0.039150525036591347,0001062993-21-004761
111,"FUWEI FILMS (HOLDINGS), CO. LTD.",16.283914276535178,0.03849207620979087,0001104659-21-053887
148,"TDH HOLDINGS, INC.",16.433882274113884,0.03657457289610631,0001213900-21-022923
95,"LIGHTINTHEBOX HOLDING CO., LTD.",16.520895378775812,0.03550312411510695,0001104659-21-052843
367,CHINA FINANCE ONLINE CO. LTD,16.555860044797328,0.03508086815989407,0001564590-21-028187
223,PHARVARIS N.V.,16.588823666985878,0.03468706534090394,0001193125-21-140476
16,BROOGE ENERGY LTD,16.656764834480366,0.03388835818892661,0001213900-21-020027
91,"BETTERWARE DE MEXICO, S.A.B. DE C.V.",16.66065183466119,0.03384318562161843,0001213900-21-022186
189,"YOUDAO, INC.",16.738280256801424,0.03295270530972903,0001193125-21-135545
209,YIREN DIGITAL LTD.,16.763227565461225,0.032671206484925136,0001104659-21-057556
269,KOREA ELECTRIC POWER CORP,16.769607869067485,0.032599574055926984,0001193125-21-143287
319,HUDSON CAPITAL INC.,16.786676246458853,0.032408665304704834,0001493152-21-010516
404,MOGU INC.,16.89946149132799,0.03117317253594906,0001193125-21-203982
177,IHUMAN INC.,16.93101063392267,0.030835531392714974,0001104659-21-056545
226,WISEKEY INTERNATIONAL HOLDING S.A.,17.0360559635796,0.02973581408489028,0001193805-21-000568
228,"GUARDFORCE AI CO., LTD",17.070557122349822,0.02938270261856715,0001213900-21-023502
221,QUDIAN INC.,17.08318478914479,0.029254445454701856,0001193125-21-140342
73,TSAKOS ENERGY NAVIGATION LTD,17.083803200682997,0.029248177831741988,0001193125-21-118474
74,VIPSHOP HOLDINGS LTD,17.10581488680263,0.0290259056794932,0001193125-21-118506
119,PACIFIC AIRPORT GROUP,17.20241029899565,0.028069068723981384,0001564590-21-020157
139,TURKCELL ILETISIM HIZMETLERI A S,17.203853365950742,0.028055000956168877,0001047469-21-001028
130,UNITED BREWERIES CO INC,17.252724026874482,0.027582467897701038,0001292814-21-001707
393,NOMURA HOLDINGS INC,17.35004938737163,0.026663573284927914,0001193125-21-199397
394,JUST ENERGY GROUP INC.,17.37595097207474,0.026423909172393695,0001104659-21-085985
191,CHINA SOUTHERN AIRLINES CO LTD,17.402912947952107,0.026176582600392052,0001193125-21-136208
10,EVOGENE LTD.,17.447635139909874,0.025771126303293836,0001178913-21-001263
351,MOLECULAR DATA INC.,17.541087006398055,0.024942851840888968,0001104659-21-068100
301,FERROGLOBE PLC,17.57618123130521,0.0246383220014844,0001558370-21-005436
395,"SAWAI GROUP HOLDINGS CO., LTD.",17.587537144553128,0.02454053227247848,0001193125-21-201118
270,LOMA NEGRA COMPANIA INDUSTRIAL ARGENTINA SOCIEDAD ANONIMA,17.591278213271696,0.024508396645697424,0001193125-21-143966
161,CHINA ZENIX AUTO INTERNATIONAL LTD,17.606393743184366,0.02437895747931546,0001193125-21-133372
382,OPERA LTD,17.659406856388042,0.02393005425527033,0001437749-21-014514
12,CHECK POINT SOFTWARE TECHNOLOGIES LTD,17.79968327202343,0.0227794659062157,0001193125-21-104893
26,EVAXION BIOTECH A_S,17.85023834671688,0.022377727949597484,0001558370-21-004050
84,KENON HOLDINGS LTD.,18.10220140378708,0.02047318398848181,0001178913-21-001364
145,GSX TECHEDU INC.,18.124475538669913,0.02031239194001003,0001193125-21-130440
286,BANK BRADESCO,18.177501049303157,0.019934399890690086,0001292814-21-001938
363,TIZIANA LIFE SCIENCES PLC,18.340715654077723,0.018812222626871915,0001213900-21-027177
98,MEDICURE INC,18.35401577791417,0.018723460828048745,0001193125-21-123309
159,CANGO INC.,18.43408349556816,0.018197427466491185,0001193125-21-132899
293,INDUSTRIAL TECHNICAL HOLDINGS CORP,18.458268657353326,0.01804130633734512,0001477932-21-002802
50,BIOFRONTERA AG,18.48307370879347,0.017882501833584526,0001493152-21-008577
241,ARCOS DORADOS HOLDINGS INC.,18.49420867483525,0.01781164602491529,0001628280-21-008225
125,GRACELL BIOTECHNOLOGIES INC.,18.55370124057355,0.01743755812277053,0001193125-21-128979
153,AUDIOCODES LTD,18.641587149932498,0.016898532367242137,0001104659-21-055099
77,ARAUCO & CONSTITUTION PULP INC,18.730610038183087,0.01636866534119702,0001193125-21-118892
134,CORPBANCA_FI,18.783379287810106,0.01606206318284353,0001558370-21-004739
188,I-MAB,18.81393888683985,0.015887005209971657,0001193125-21-135440
346,BRASKEM SA,19.002675191525547,0.014845347246994258,0001292814-21-002286
194,CNFINANCE HOLDINGS LTD.,19.04388293193334,0.014626714864250856,0001213900-21-023191
372,KBRIDGE ENERGY CORP.,19.052702702702703,0.014580319972708687,0001393905-21-000260
377,AVRUPA MINERALS LTD.,19.179715316176512,0.013927518919528791,0001052918-21-000201
80,CHUNGHWA TELECOM CO LTD,19.25386531963767,0.013559372605226522,0000950123-21-004659
390,VODAFONE GROUP PUBLIC LTD CO,19.297365481725066,0.013347730788165807,0001104659-21-084539
218,SK TELECOM CO LTD,19.31862448479584,0.013245447128124829,0001193125-21-138579
202,GIGA METALS CORP,19.323632578714545,0.013221460511267448,0001062993-21-003933
347,37 CAPITAL INC,19.36366526164487,0.013031202964635455,0001607062-21-000121
297,JUPITER GOLD CORP,19.39563492063492,0.012881141537235017,0001520138-21-000235
352,GRUPO TMM SAB,19.480482161516644,0.012490823251684442,0001140361-21-017484
101,CHINA UNICOM (HONG KONG) LTD,19.679468551003023,0.011619194617409123,0001193125-21-124687
126,IDEX BIOMETRICS ASA,19.747861478835382,0.011333248831850528,0001193125-21-128985
11,YALLA GROUP LTD,19.852146753390038,0.010910138406977996,0001193125-21-104578
392,TOYOTA MOTOR CORP_,19.887648643373435,0.010769573705084405,0001193125-21-197902
17,"ASE TECHNOLOGY HOLDING CO., LTD.",19.91261492137462,0.010671761509980103,0000950103-21-005259
156,OPTIBASE LTD,19.995988307108853,0.010351238883906762,0001178913-21-001478
212,SUZANO S.A.,20.019994010786753,0.010260670881082684,0001104659-21-057773
371,JAMES HARDIE INDUSTRIES PLC,20.10228401679621,0.009955926453969885,0001159152-21-000045
7,TEEKAY TANKERS LTD.,20.142239924382476,0.009811099352832994,0001628280-21-006333
341,LUOKUNG TECHNOLOGY CORP.,20.357906742620006,0.009063545679802682,0001213900-21-026236
106,CNOOC LTD,20.407128058190686,0.00890074613999701,0000950103-21-005896
36,HOEGH LNG PARTNERS LP,20.472909137095883,0.008687545166632478,0001104659-21-048689
225,NAVIOS MARITIME HOLDINGS INC.,20.484124750378623,0.00865168650190289,0001193125-21-140923
183,CHINA TELECOM CORP LTD,20.501318286541917,0.008596990500031942,0001193125-21-135257
117,CHINDATA GROUP HOLDINGS LTD,20.56938083632216,0.008383706299337813,0001564590-21-020153
407,DR REDDYS LABORATORIES LTD,20.626103244838944,0.008209843639291814,0001575872-21-000138
120,"51JOB, INC.",20.642126544233882,0.008161359724367212,0001104659-21-054034
29,NANOBIOTIX S.A.,20.794976771955834,0.007712462324716172,0001628280-21-006675
271,MATERIALISE NV,20.932941879347016,0.00732771258096231,0001193125-21-145001
105,EURODRY LTD.,20.963739147964397,0.007244379475848745,0000919574-21-003064
210,INDUSTRIAS BACHOCO S.A.B. DE C.V.,21.070728273152227,0.006961900726427251,0001104659-21-057737
82,CANADIAN SOLAR INC.,21.115081410965363,0.006847928108658333,0001104659-21-051958
281,METEN EDTECHX EDUCATION GROUP LTD.,21.166100192620235,0.006719045306640894,0001213900-21-023876
232,ULTRAPAR HOLDINGS INC,21.319780474198406,0.006344764903754939,0001554855-21-000163
35,GRIFOLS SA,21.397585381387042,0.006163006904281283,0001104659-21-048385
163,STEALTHGAS INC.,21.51925319144516,0.005888790076029249,0001193125-21-133884
259,AMRYT PHARMA PLC,21.522174245192147,0.0058823532060364855,0001140361-21-015121
294,HUAHUI EDUCATION GROUP LTD,21.53357136932165,0.005857303103456966,0001493152-21-010111
75,TAIWAN SEMICONDUCTOR MANUFACTURING CO LTD,21.74138990043643,0.005418155085625731,0001193125-21-118512
398,KAROOOOO LTD.,21.792050842762862,0.005316013275618865,0001213900-21-034470
155,TANTECH HOLDINGS LTD,21.894605879877524,0.0051148968445562494,0001104659-21-055681
240,XP INC.,22.198205812267485,0.004561625463522529,0001628280-21-008199
376,RENREN INC.,22.31110950450351,0.004370995342796618,0001104659-21-073367
359,"CHINA CUSTOMER RELATIONS CENTERS, INC.",22.370002475766544,0.004274636386592968,0001213900-21-026928
143,MAGAL SECURITY SYSTEMS LTD,22.379671412814616,0.004259013789080879,0001178913-21-001455
311,AVIANCA HOLDINGS S.A.,22.54483431290589,0.004000521070186759,0001193125-21-146226
171,ADAGENE INC.,22.58681642730327,0.003937273458052727,0001104659-21-055911
64,NAVIOS SOUTH AMERICAN LOGISTICS INC.,22.66538859109912,0.003821490291289181,0001193125-21-117822
199,DYNAGAS LNG PARTNERS LP,22.7312316910143,0.003727007144386462,0000919574-21-003149
401,"SUMITOMO MITSUI FINANCIAL GROUP, INC.",22.755093952248476,0.003693326590610352,0001193125-21-202577
368,EURASIA ENERGY LTD,23.021428571428572,0.0033368431575473596,0001654954-21-005825
233,ENEL CHILE S.A.,23.110201782067016,0.0032256039968898116,0001558370-21-005231
28,PHARMING GROUP N.V.,23.39531874038959,0.0028921031872978465,0001628280-21-006652
292,CHINA LIBERAL EDUCATION HOLDINGS LTD,23.404614695340502,0.0028818128290874555,0001477932-21-002798
93,AKARI THERAPEUTICS PLC,23.413512541688664,0.0028719964254698303,0001104659-21-052672
31,AMBOW EDUCATION HOLDING LTD.,23.577766930368355,0.0026965036472449493,0001104659-21-048131
127,GRUPO FINANCIERO GALICIA SA,23.59607029389832,0.0026776046044413486,0001193125-21-129010
328,OI S.A. - IN JUDICIAL REORGANIZATION,23.81526108316454,0.002461031643558809,0001292814-21-002227
373,INDONESIA ENERGY CORP LTD,23.914115604583355,0.0023690152478571583,0001493152-21-012001
280,ORIENTAL CULTURE HOLDING LTD,23.966295639724066,0.002321800918704272,0001213900-21-023866
54,ATA CREATIVITY GLOBAL,24.216111942699087,0.0021081326785070756,0001564590-21-018581
337,KAIXIN AUTO HOLDINGS,24.381137286756243,0.0019776020112970472,0001104659-21-067017
219,WPP PLC,24.42697465588798,0.0019427629632929474,0001193125-21-138800
176,JOYY INC.,24.444727457042163,0.0019294307820423152,0001104659-21-056541
342,FUSION FUEL GREEN PLC,24.554879045439684,0.0018486751462812256,0001213900-21-026445
283,BANK OF CHILE,24.55994675576314,0.0018450400661069438,0001213900-21-023927
277,ZHONGCHAO INC.,24.83567763809921,0.001657403190042701,0001213900-21-023712
345,NLS PHARMACEUTICS LTD.,25.04538024074623,0.0015272684019674765,0001213900-21-026511
386,TARO PHARMACEUTICAL INDUSTRIES LTD,25.203146436743317,0.0014359787891639994,0001564590-21-033341
146,INTERCORP FINANCIAL SERVICES INC.,25.24048844742294,0.0014151621279108251,0001193125-21-131800
88,HUANENG POWER INTERNATIONAL INC,25.292059329925785,0.0013868962789056853,0001104659-21-052520
253,"GRUPO TELEVISA, S.A.B.",25.38186010979609,0.0013389845273698905,0001104659-21-059010
132,CHINA NATURAL RESOURCES INC,25.58057864121694,0.001238626437902797,0001553350-21-000322
397,MINGZHU LOGISTICS HOLDINGS LTD,25.700530022334465,0.0011816391978842324,0001213900-21-034430
234,VIA OPTRONICS AG,25.801796063629144,0.0011355270245785015,0001558370-21-005286
115,GOLAR LNG LTD,25.812545605774858,0.0011307364866955658,0001207179-21-000005
135,PLDT INC.,25.866728689796336,0.001106888407946166,0001564590-21-020184
141,XUNLEI LTD,26.225559747489058,0.000960894265184115,0001104659-21-054914
99,CANAAN INC.,26.420764185346016,0.0008895547110423146,0001193125-21-123558
248,NOAH HOLDINGS LTD,26.44107502604229,0.0008824361321443521,0001104659-21-058109
243,COGNYTE SOFTWARE LTD.,26.499953594177978,0.0008621133525636424,0001824814-21-000007
334,"PLASTEC TECHNOLOGIES, LTD.",26.507302023860156,0.0008596092635079421,0001104659-21-066824
3,PEARSON PLC,26.800352891264176,0.0007653395642121521,0001193125-21-103235
53,NATIONAL STEEL CO,27.011491733050434,0.0007037634663335398,0001292814-21-001501
227,WIMI HOLOGRAM CLOUD INC.,27.226030067374104,0.0006461661882848341,0001213900-21-023396
389,AVRICORE HEALTH INC.,27.28236688822686,0.0006318226650280814,0001052918-21-000235
364,"ROAN HOLDINGS GROUP CO., LTD.",27.359293162218666,0.0006127391599390281,0001213900-21-027201
116,"AGM GROUP HOLDINGS, INC.",27.394569148601658,0.0006041778444584771,0001213900-21-022596
350,OSSEN INNOVATION CO. LTD.,27.427093040436755,0.0005963882583143083,0001104659-21-068076
284,EBANG INTERNATIONAL HOLDINGS INC.,27.450132411396062,0.0005909298224329367,0001213900-21-023955
260,PARCELPAL TECHNOLOGY INC.,28.025550651846498,0.0004694145747957444,0001140361-21-015336
258,BEYONDSPRING INC.,28.580566980637613,0.00037556169700363407,0001140361-21-015045
380,NATIONAL GRID PLC,28.59751878190857,0.00037300598167971867,0001004315-21-000067
211,JINXUAN COKING COAL LTD,29.63026162905195,0.0002456589290258206,0001104659-21-057742
369,UNITED WORLD HOLDING GROUP LTD.,29.871290877700424,0.00022274189756737325,0001751995-21-000014
137,ASLAN PHARMACEUTICALS LTD,30.68948610176855,0.0001595483284109838,0001564590-21-020241
360,KBS FASHION GROUP LTD,30.71670795939739,0.00015778187413996176,0001213900-21-026934
381,WIPRO LTD,31.07272095100712,0.00013637712286551702,0001193125-21-186704
278,CEMENTOS PACASMAYO SAA,31.504277474538195,0.00011423346946740194,0001213900-21-023749
187,CHINA MOBILE LTD _ADR_,31.8946160519211,9.727750119609982e-05,0001193125-21-135367
92,ENERGY CO OF PARANA,32.30679610153509,8.206226256108138e-05,0001292814-21-001623
181,SILICOM LTD.,33.00707439454745,6.14077743734293e-05,0001178913-21-001492
96,ZTO EXPRESS (CAYMAN) INC.,33.89445810602525,4.245491274407177e-05,0001104659-21-052844
41,ASPEN INSURANCE HOLDINGS LTD,33.941213497224986,4.163515222948797e-05,0001267395-21-000021
266,KT CORP,34.66516933998347,3.0766148964842275e-05,0001193125-21-142666
262,TOWER SEMICONDUCTOR LTD,35.180752687443196,2.478549221311374e-05,0001178913-21-001533
296,TAOPING INC.,35.590315035119914,2.086653145757966e-05,0001493152-21-010237
379,NEW FRONTIER HEALTH CORP,39.6394353408454,3.739127142808934e-06,0001104659-21-077095
87,CHINA PETROLEUM & CHEMICAL CORP,39.76988659475789,3.5358919997682747e-06,0001104659-21-052188
138,GENFIT S.A.,46.83843828645422,1.6460584230495105e-07,0001564590-21-020254
193,AMTD INTERNATIONAL INC.,52.21001384684794,1.5330280001373483e-08,0001193125-21-136981
49,PYXIS TANKERS INC.,60.23907803080596,4.183797315953466e-10,0001493152-21-008493
203,METALINK LTD,63.13167388167388,1.1285441184330332e-10,0001096906-21-000903
56,FORWARD PHARMA A_S,67.12540428503696,1.8309890888591465e-11,0001047469-21-000947
358,NAVIGATOR HOLDINGS LTD.,81.79918967138225,2.122086904432842e-14,0001193125-21-163906
